,item0,item1,item2,item3,item4,item5,item6,item7,item8,item9,item10,item11,item12,item13,item14,item15,item16,item17,item18,item19
price,7.6451410543090095,41.75832257390598,44.66544309941124,20.340709335592518,36.54642377559634,31.51613444696479,27.9187314780357,7.995830905304225,69.26348851129607,30.890579859100356,45.584178217224384,47.59620558510378,69.35374216481272,17.069047935553115,4.2085888177870885,56.36758847974072,48.08538897869334,42.69174147085203,3.79053334413055,14.775418171755764
