,item0,item1,item2,item3,item4,item5,item6,item7,item8,item9,item10,item11,item12,item13,item14,item15,item16,item17,item18,item19
price,27.931541604409876,11.847692742824693,2.898109510823955,43.13866562779336,16.271647350816316,4.006591557213253,37.48497585812711,40.75923382026438,53.96611497584636,4.388948168094229,54.18262870271148,36.515757035243396,15.71130554465218,54.26153538985039,44.35216007992494,43.16780058059812,3.764158308854433,29.73999966803451,40.090834011049374,39.135052635842534
cost,11.638142335170782,4.936538642843622,1.2075456295099813,17.974444011580566,6.779853062840132,1.6694131488388553,15.618739940886295,16.983014091776823,22.485881239935985,1.8287284033725955,22.576095292796452,15.214898764684749,6.546377310271742,22.608973079104327,18.480066699968727,17.986583575249217,1.5683992953560137,12.391666528347713,16.704514171270574,16.306271931601056
