,item0,item1,item2,item3,item4,item5,item6,item7,item8,item9,item10,item11,item12,item13,item14,item15,item16,item17,item18,item19
price,61.5625480554195,56.21264050621305,24.663087047937978,11.653755626907197,39.98755465895241,10.76828350741807,6.2412627397817255,34.32542780566975,28.7695053393945,49.452547575161184,25.78589678989163,51.49805039371635,27.75913288530867,23.085860043111897,11.390281561040577,16.996300993589646,67.04098848709776,59.47417459029393,67.00246107232829,40.240481998980016
